product_id,hashtags
1,hashtag88,hashtag13,hashtag80,hashtag29,hashtag85,hashtag29,hashtag92
2,hashtag52
3,hashtag2,hashtag92,hashtag60,hashtag52,hashtag79,hashtag76
4,hashtag27,hashtag96,hashtag12,hashtag45,hashtag33,hashtag86,hashtag45,hashtag26,hashtag16
5,hashtag49,hashtag39,hashtag75,hashtag15
6,hashtag68,hashtag20,hashtag65,hashtag49
7,hashtag50,hashtag9,hashtag85,hashtag11,hashtag6,hashtag68
8,hashtag80,hashtag53,hashtag87
9,hashtag97,hashtag24
10,hashtag75,hashtag59,hashtag37,hashtag5,hashtag94,hashtag91,hashtag13
11,hashtag53,hashtag71,hashtag23,hashtag58,hashtag96
12,hashtag69,hashtag74,hashtag93,hashtag55,hashtag31,hashtag35
13,hashtag16,hashtag11,hashtag88,hashtag68
14,hashtag27,hashtag10,hashtag52,hashtag21,hashtag96,hashtag29,hashtag75
15,hashtag33,hashtag35,hashtag48
16,hashtag76,hashtag79,hashtag22,hashtag74,hashtag36
17,hashtag83,hashtag40,hashtag63
18,hashtag67,hashtag71,hashtag85,hashtag48,hashtag98,hashtag66
19,hashtag67,hashtag20,hashtag77,hashtag18,hashtag62
20,hashtag83,hashtag74,hashtag17,hashtag100,hashtag53,hashtag21,hashtag49,hashtag13,hashtag49
21,hashtag64,hashtag30,hashtag70,hashtag68,hashtag54,hashtag28,hashtag41
22,hashtag35,hashtag57,hashtag89,hashtag55,hashtag26,hashtag6,hashtag99,hashtag65
23,hashtag79,hashtag90,hashtag1,hashtag59,hashtag87,hashtag54,hashtag86,hashtag47
24,hashtag77,hashtag21,hashtag9,hashtag56,hashtag65,hashtag62,hashtag78,hashtag51
25,hashtag15
26,hashtag36,hashtag32
27,hashtag100,hashtag44,hashtag97,hashtag13,hashtag27,hashtag35,hashtag58
28,hashtag86,hashtag77
29,hashtag40,hashtag31,hashtag59,hashtag60,hashtag79,hashtag62
30,hashtag90,hashtag83,hashtag72,hashtag38
31,hashtag25,hashtag59
32,hashtag40,hashtag64,hashtag93,hashtag73,hashtag69,hashtag22,hashtag54,hashtag1,hashtag11
33,hashtag54,hashtag81,hashtag98,hashtag75,hashtag3,hashtag98,hashtag53,hashtag17,hashtag48
34,hashtag91,hashtag16,hashtag22
35,hashtag96,hashtag55,hashtag26,hashtag37
36,hashtag93,hashtag41,hashtag45,hashtag14,hashtag66,hashtag45,hashtag74
37,hashtag69,hashtag75,hashtag73,hashtag86
38,hashtag3,hashtag80,hashtag9,hashtag16,hashtag72,hashtag90,hashtag73,hashtag44,hashtag26
39,hashtag66,hashtag18,hashtag45,hashtag12,hashtag62,hashtag56,hashtag15,hashtag63,hashtag85
40,hashtag76,hashtag65,hashtag41,hashtag38,hashtag23,hashtag42,hashtag82
41,hashtag46,hashtag33
42,hashtag7,hashtag84,hashtag16,hashtag57,hashtag92
43,hashtag39
44,hashtag10,hashtag58,hashtag58,hashtag68,hashtag26,hashtag67
45,hashtag12,hashtag48,hashtag72,hashtag100,hashtag94,hashtag24,hashtag13,hashtag50,hashtag16,hashtag76
46,hashtag97,hashtag16,hashtag51,hashtag47,hashtag82,hashtag97
47,hashtag69,hashtag92,hashtag48,hashtag17,hashtag23,hashtag82,hashtag29
48,hashtag45,hashtag77,hashtag27,hashtag88,hashtag58,hashtag82,hashtag47,hashtag80,hashtag91,hashtag49
49,hashtag85
50,hashtag89,hashtag60,hashtag30,hashtag29,hashtag72,hashtag34,hashtag41,hashtag79,hashtag79,hashtag73
51,hashtag63,hashtag16,hashtag50,hashtag75,hashtag61
52,hashtag83,hashtag82,hashtag7,hashtag20,hashtag34
53,hashtag94,hashtag64,hashtag35,hashtag17
54,hashtag71,hashtag98,hashtag61,hashtag62,hashtag7,hashtag16,hashtag4,hashtag77,hashtag92
55,hashtag25,hashtag86,hashtag78,hashtag36,hashtag46,hashtag41,hashtag2,hashtag76
56,hashtag14,hashtag39,hashtag16,hashtag20,hashtag22,hashtag47,hashtag92,hashtag80
57,hashtag43,hashtag29,hashtag66,hashtag14
58,hashtag95,hashtag42,hashtag63,hashtag44,hashtag26,hashtag59
59,hashtag5,hashtag64,hashtag86,hashtag79,hashtag41,hashtag69,hashtag28,hashtag21,hashtag91
60,hashtag92,hashtag82,hashtag63,hashtag48,hashtag98
61,hashtag61,hashtag36,hashtag86,hashtag25,hashtag66,hashtag15,hashtag82,hashtag2,hashtag58,hashtag94
62,hashtag25,hashtag19,hashtag100,hashtag2,hashtag50,hashtag18,hashtag68,hashtag55
63,hashtag48,hashtag20,hashtag80,hashtag52,hashtag28
64,hashtag80,hashtag61,hashtag98
